{"AajKdt42VU9n4mzGBcAvdw==":"logo-branco.png","+SLTvyAzyRP/tVqC61V0Iw==":"prancheta-12x.png","Elj4pLL35UiTzZiYLkZHYA==":"dc1.png","FEwcaKVeCIb/52P7rs1yCQ==":"dc1-1.png","zi7k5ATDY6L01uR/FlXjhw==":"83163439-2892633444131194-2531774429470392320-n.jpg","+8eEGU8e+b5kzfYPUh8cOQ==":"app.png","j869IfRn2b/HayHigyjk8w==":"agenda.png","bbxkip8FchLFAVkMTOhZBQ==":"home.png","6n0v3Mr70eGNpU5dYFW+Yw==":"home-1.png","AtFGbIweb8zDRbpv3WA5Dg==":"dc-logo-azu.png","erdlmAFIczPvSSDxmVWdDA==":"logo-azul-escuro.png"}